[{"@type":"mappingTemplate","id":"@1","name":"Mapping22","description":"","bundleVersion":"0","templateId":"@3","deployTime":1622484824000,"hasParameters":false,"valid":true,"fixedConnection":true,"hasParametersDeployed":false,"fixedConnectionDeployed":true,"tasks":0,"mappingPreviewFileRecordId":"@2","documentType":"MAPPING","references":[{"@type":"reference","refObjectId":"@jKaVD92xtS9cMIukRaCugV","refType":"connection"},{"@type":"reference","refObjectId":"@7DcOpS3kVsFi7cQ0wqU885","refType":"connection"}]}]