[{"@type":"mappingTemplate","id":"@1","name":"s3","description":"","bundleVersion":"0","templateId":"@3","deployTime":1631735478000,"hasParameters":false,"valid":true,"fixedConnection":true,"hasParametersDeployed":false,"fixedConnectionDeployed":true,"tasks":0,"mappingPreviewFileRecordId":"@2","documentType":"MAPPING","references":[{"@type":"reference","refObjectId":"@4FNSToIs96wgNFVxUQ8QWh","refType":"connection"},{"@type":"reference","refObjectId":"@1Dl6mUehI8Uhitkvgp6k0Z","refType":"connection"}]}]