[{"@type":"mappingTemplate","id":"@1","name":"m_MSSQL_SYNAPSE_customer","description":"","bundleVersion":"0","templateId":"@3","deployTime":1601494943000,"hasParameters":false,"valid":true,"fixedConnection":true,"hasParametersDeployed":false,"fixedConnectionDeployed":true,"tasks":1,"mappingPreviewFileRecordId":"@2","documentType":"","references":[{"@type":"reference","refObjectId":"@9Lu4RMjgOHWgM1kFipQZIa","refType":"connection"},{"@type":"reference","refObjectId":"@8oU2k3mdTO6lcdQHqPo6qT","refType":"connection"},{"@type":"reference","refObjectId":"@eFiW36fmPykbmPjMf86lUh","refType":"frsDocument"},{"@type":"reference","refObjectId":"@aCQn6VYCiyLiH2WTt2YYM2","refType":"frsDocument"}]}]